irishexaminer.com,utf-8,utf-8,utf_8
irishjobs.ie,utf-8,utf-8,utf_8
irishmirror.ie,UTF-8,utf-8,utf_8
irishnews.com,utf-8,utf-8,utf_8
irishpages.ie,UTF-8,ISO-8859-1,utf_8
irishpost.com,UTF-8,utf-8,
irishtimes.com,utf-8,utf-8,utf_8
irishtourist.com,UTF-8,utf-8,utf_8
irkobl.ru,UTF-8,utf-8,utf_8
irliepaja.lv,UTF-8,utf-8,utf_8
irma.dk,utf-8,utf-8,utf_8
ironhorse.ru,utf-8,utf-8,utf_8
irozhlas.cz,,utf-8,utf_8
irr.ru,utf-8,utf-8,utf_8
is.fi,utf-8,utf-8,utf_8
isabellas.dk,utf-8,utf-8,utf_8
isala.nl,utf-8,utf-8,utf_8
isalna.com,utf-8,utf-8,utf_8
isalne.com,UTF-8,utf-8,utf_8
isamveri.org,,UTF-8-SIG,utf_8_sig
isathens.gr,utf-8,utf-8,utf_8
isbank.com.tr,utf-8,utf-8,utf_8
isciii.es,utf-8,utf-8,
iscool.co.il,utf-8,utf-8,utf_8
iscte-iul.pt,utf-8,utf-8,utf_8
isgeschiedenis.nl,utf-8,utf-8,utf_8
ishim.co.il,UTF-8,UTF-8-SIG,utf_8_sig
ishop.rs,UTF-8,utf-8,utf_8
ishopchangi.com,utf-8,Windows-1252,utf_8
ishopping.pk,,ascii,ascii
ising.pl,UTF-8,utf-8,utf_8
isinolsa.com,UTF-8,utf-8,utf_8
isinolsun.com,utf-8,utf-8,utf_8
isitwp.com,UTF-8,utf-8,utf_8
isize.com,UTF-8,utf-8,utf_8
iskambg.com,utf-8,utf-8,utf_8
iskon.hr,UTF-8,utf-8,utf_8
iskra.bg,UTF-8,utf-8,utf_8
iskreni.net,UTF-8,utf-8,utf_8
iskur.gov.tr,utf-8,utf-8,utf_8
islam.gov.my,utf-8,utf-8,utf_8
islam4u.com,utf-8,utf-8,utf_8
islamansiklopedisi.org.tr,UTF-8,UTF-8-SIG,utf_8_sig
islamonline.net,UTF-8,utf-8,utf_8
islamport.com,,ISO-8859-9,cp1256
islampos.com,UTF-8,utf-8,utf_8
islamqa.info,UTF-8,utf-8,utf_8
islamstory.com,UTF-8,utf-8,utf_8
islamveihsan.com,UTF-8,utf-8,utf_8
islamway.net,UTF-8,utf-8,utf_8
islamweb.net,UTF-8,UTF-8-SIG,utf_8_sig
islamweb.org,UTF-8,UTF-8-SIG,utf_8_sig
island.lk,UTF-8,utf-8,utf_8
islcollective.com,utf-8,utf-8,utf_8
ismedia.jp,utf-8,utf-8,utf_8
ismyschool.net,UTF-8,ascii,ascii
isof.se,UTF-8,utf-8,utf_8
isolux.ru,UTF-8,utf-8,utf_8
isong.download,UTF-8,utf-8,utf_8
ispovesti.com,,utf-8,utf_8
isracard.co.il,utf-8,utf-8,utf_8
israelbar.org.il,,windows-1255,cp1255
israeldefense.co.il,UTF-8,ascii,ascii
israelhayom.co.il,utf-8,ascii,ascii
israeli-companies.com,UTF-8,utf-8,utf_8
israelibaby.co.il,UTF-8,utf-8,utf_8
israelpost.co.il,utf-8,utf-8,utf_8
isranews.org,,ascii,ascii
israwords.co.il,UTF-8,utf-8,utf_8
isrotel.co.il,utf-8,utf-8,utf_8
isss.gob.sv,utf-8,utf-8,utf_8
issta.co.il,utf-8,ascii,ascii
issuu.com,utf-8,utf-8,utf_8
istanbul.edu.tr,utf-8,utf-8,utf_8
istanbul.net.tr,utf-8,utf-8,utf_8
istanbulbear.org,iso-8859-1,ascii,ascii
istanbulbogazicioto.com,utf-8,ascii,big5
istanbulhaber.com.tr,UTF-8,utf-8,utf_8
istanbulsaglik.gov.tr,,ascii,ascii
istegelsin.com,,ascii,ascii
istinomer.rs,UTF-8,utf-8,utf_8
istockphoto.com,utf-8,utf-8,utf_8
istoe.com.br,UTF-8,utf-8,utf_8
istoedinheiro.com.br,UTF-8,utf-8,utf_8
istoric-preturi.info,UTF-8,ascii,ascii
istorijatau.lt,utf-8,utf-8,utf_8
istp.sk,UTF-8,utf-8,utf_8
istra-istria.hr,utf-8,utf-8,utf_8
istra.hr,UTF-8,utf-8,utf_8
istramet.hr,UTF-8,utf-8,utf_8
istriaterramagica.eu,UTF-8,utf-8,utf_8
istruzione.it,UTF-8,utf-8,utf_8
isuta.jp,utf-8,utf-8,utf_8
isynonym.com,,utf-8,utf_8
iszdb.hu,UTF-8,utf-8,utf_8
it24hrs.com,UTF-8,utf-8,utf_8
ita-savo.fi,UTF-8,utf-8,utf_8
itaka.pl,UTF-8,utf-8,hp_roman8
italiaatavola.net,utf-8,utf-8,cp949
italiaoggi.it,utf-8,UTF-8-SIG,utf_8_sig
italiarecensioni.com,UTF-8,,utf-8
italki.com,utf-8,utf-8,utf_8
itanu.net,utf-8,ascii,big5
itaste.com,UTF-8,utf-8,utf_8
itatiaia.com.br,utf-8,utf-8,utf_8
itau.com.br,UTF-8,utf-8,utf_8
itaucultural.org.br,utf-8,utf-8,utf_8
itavisen.no,UTF-8,utf-8,utf_8
itb.ac.id,UTF-8,utf-8,utf_8
itbox.ua,UTF-8,utf-8,utf_8
itbu.ac.id,UTF-8,ISO-8859-1,utf_8
itc.ua,UTF-8,utf-8,utf_8
itcafe.hu,utf-8,utf-8,utf_8
itesco.cz,UTF-8,utf-8,utf_8
itesco.sk,UTF-8,utf-8,utf_8
itesm.mx,,ascii,ascii
iteso.mx,UTF-8,utf-8,utf_8
itewiki.fi,UTF-8,utf-8,utf_8
itgalaxy.ro,UTF-8,ascii,ascii
ithardware.pl,UTF-8,utf-8,utf_8
itiesibas.lv,UTF-8,utf-8,utf_8
itis.si,utf-8,utf-8,utf_8
itk.ee,UTF-8,utf-8,utf_8
itmagazine.ch,windows-1252,ISO-8859-1,cp1250
itmedia.co.jp,,SHIFT_JIS,cp932
itopya.com,UTF-8,ascii,ascii
itp.ne.jp,utf-8,utf-8,utf_8
itraveljerusalem.com,,utf-8,utf_8
itrofi.gr,utf-8,utf-8,utf_8
itromso.no,UTF-8,utf-8,utf_8
its.ac.id,UTF-8,Windows-1252,utf_8
itsamademademademadeworld.com,utf-8,ascii,big5
itsehoitoapteekki.fi,utf-8,utf-8,utf_8
itsk.sk,,utf-8,utf_8
ittefaq.com.bd,UTF-8,ascii,ascii
ittjartam.hu,iso-8859-2,ISO-8859-1,cp1250
ittlakunk.hu,utf-8,utf-8,utf_8
itu.edu.tr,utf-8,utf-8,utf_8
ituudised.ee,utf-8,utf-8,utf_8
itv.com,utf-8,utf-8,utf_8
itweb.co.za,utf-8,utf-8,utf_8
iu.edu.sa,utf-8,utf-8,utf_8
iub.gov.lv,UTF-8,utf-8,utf_8
iugaza.edu.ps,utf-8,utf-8,
iurban.in.th,UTF-8,utf-8,utf_8
iusinfo.hr,utf-8,utf-8,utf_8
iusinfo.si,utf-8,utf-8,utf_8
iuventa.sk,utf-8,utf-8,utf_8
ivd.ru,UTF-8,utf-8,utf_8
ivg.it,UTF-8,utf-8,utf_8
ivi.ru,UTF-8,utf-8,utf_8
ivi.tv,UTF-8,utf-8,utf_8
ivn.nl,utf-8,utf-8,utf_8
ivoox.com,UTF-8,utf-8,utf_8
ivory.co.il,UTF-8,utf-8,utf_8
ivrep1.ru,UTF-8,utf-8,utf_8
iwmbuzz.com,UTF-8,utf-8,utf_8
iwoman.bg,UTF-8,utf-8,utf_8
iww.de,,utf-8,utf_8
ix.gr,UTF-8,utf-8,utf_8
ixbt.com,utf-8,utf-8,utf_8
ixigo.com,utf-8,utf-8,utf_8
ixigua.com,utf-8,utf-8,utf_8
iyifirma.com,utf-8,ascii,ascii
iz.ru,UTF-8,utf-8,
iza.ne.jp,UTF-8,utf-8,utf_8
izeselet.hu,UTF-8,utf-8,utf_8
izgazete.net,utf-8,utf-8,utf_8
izgodni.bg,UTF-8,utf-8,utf_8
izi.ua,utf-8,utf-8,utf_8
izito.com.ar,UTF-8,ascii,ascii
izkor.gov.il,UTF-8,utf-8,utf_8
izle7.com,UTF-8,utf-8,utf_8
izlesene.com,UTF-8,utf-8,utf_8
izm.gov.lv,UTF-8,utf-8,utf_8
izmir.bel.tr,,ISO-8859-1,big5hkscs
izzi.co.il,UTF-8,utf-8,utf_8
izzi.digital,UTF-8,utf-8,utf_8
j-cast.com,UTF-8,utf-8,utf_8
j-lyric.net,UTF-8,utf-8,utf_8
j-sen.jp,utf-8,utf-8,utf_8
j3l.ch,UTF-8,utf-8,utf_8
jaap.nl,utf-8,utf-8,utf_8
jaaqui.pt,UTF-8,utf-8,utf_8
jablickar.cz,,utf-8,utf_8
jabuk.si,UTF-8,utf-8,utf_8
jabuka.tv,UTF-8,utf-8,utf_8
jacarandafm.com,utf-8,utf-8,utf_8
jacobsenmobler.dk,utf-8,utf-8,utf_8
jacobsenplus.dk,utf-8,utf-8,utf_8
jacotei.com.br,,utf-8,utf_8
jadid365.ma,UTF-8,utf-8,utf_8
jafnavi.jp,,utf-8,utf_8
jagatreview.com,UTF-8,utf-8,utf_8
jagokata.com,UTF-8,utf-8,utf_8
jagonews24.com,UTF-8,utf-8,utf_8
jagran.com,UTF-8,utf-8,utf_8
jagranjosh.com,UTF-8,utf-8,utf_8
jagrullar.se,iso-8859-1,,utf-8
jaguda.com,utf-8,utf-8,utf_8
jahipaun.ee,UTF-8,utf-8,utf_8
jaimegalaninteriorismo.com,utf-8,ascii,big5
jakarta.go.id,UTF-8,ISO-8859-1,utf_8
jakartanotebook.com,UTF-8,ascii,ascii
jakdojade.pl,utf-8,utf-8,utf_8
jakmall.com,UTF-8,utf-8,utf_8
jakomo.fi,UTF-8,utf-8,utf_8
jaksetodela.cz,,utf-8,utf_8
jaktak.cz,UTF-8,utf-8,utf_8
jal.co.jp,,utf-8,utf_8
jalan.net,Windows-31J,SHIFT_JIS,shift_jis
jalantikus.com,utf-8,utf-8,
jalgpall.ee,UTF-8,Windows-1254,utf_8
jalisco.gob.mx,utf-8,utf-8,utf_8
jamalouki.net,UTF-8,utf-8,utf_8
jamanetwork.com,,ascii,ascii
jambonews.co.ke,UTF-8,utf-8,utf_8
jameda.de,utf-8,utf-8,utf_8
jameshomans.com,utf-8,ascii,big5
jamieoliver.com,UTF-8,utf-8,utf_8
jamilacuisine.ro,UTF-8,utf-8,utf_8
jamisonlandscaping.com,utf-8,ascii,big5
jamja.vn,utf-8,utf-8,
jamk.fi,utf-8,UTF-8-SIG,
jamnica.hr,utf-8,utf-8,utf_8
jan-magazine.nl,UTF-8,utf-8,utf_8
jandhautomotive.com,UTF-8,utf-8,utf_8
jang.com.pk,UTF-8,utf-8,utf_8
janghan.net,,ascii,ascii
janlinders.nl,UTF-8,utf-8,utf_8
janoubia.com,,utf-8,utf_8
jansatta.com,,ascii,ascii
janthai.com,UTF-8,utf-8,utf_8
janusinfo.se,UTF-8,utf-8,utf_8
japantimes.co.jp,UTF-8,utf-8,utf_8
jarcomputers.com,UTF-8,utf-8,utf_8
jardicom.fr,,ascii,ascii
jardiland.com,UTF-8,utf-8,utf_8
jardiner-malin.fr,UTF-8,Windows-1252,utf_8
jarir.com,UTF-8,ascii,
jassen-outlet.nl,utf-8,ascii,ascii
jastrzabpost.pl,,utf-8,utf_8
jatekbolt.hu,UTF-8,utf-8,utf_8
jateknet.hu,UTF-8,utf-8,utf_8
jateksziget.hu,utf-8,utf-8,utf_8
jatengprov.go.id,UTF-8,utf-8,utf_8
jatimprov.go.id,UTF-8,ascii,ascii
jatimtimes.com,UTF-8,utf-8,utf_8
jatkoaika.com,utf-8,utf-8,utf_8
jatrgovac.com,,ascii,ascii
jattmate.com,UTF-8,utf-8,
jaukurai.lt,UTF-8,utf-8,utf_8
jaunpilsbaznica.lv,UTF-8,utf-8,utf_8
jauns.lv,UTF-8,utf-8,utf_8
jautajums.lv,,ISO-8859-1,cp1257
javatpoint.com,ISO-8859-1,ascii,ascii
javeriana.edu.co,ISO-8859-1,ascii,ascii
javneprodaje.com,,ascii,ascii
javnirazpisi.com,UTF-8,utf-8,utf_8
jawapos.com,UTF-8,utf-8,utf_8
jawharafm.net,UTF-8,utf-8,utf_8
jayagrocer.com,utf-8,Windows-1252,utf_8
jayasrilanka.net,UTF-8,utf-8,utf_8
jaycar.co.nz,UTF-8,utf-8,utf_8
jaycar.com.au,UTF-8,utf-8,utf_8
jbcnews.net,UTF-8,utf-8,utf_8
jbhifi.co.nz,utf-8,UTF-8-SIG,utf_8_sig
jbhifi.com.au,utf-8,ascii,ascii
jccm.es,utf-8,utf-8,utf_8
jcted.cz,UTF-8,utf-8,utf_8
jcu.cz,utf-8,utf-8,utf_8
jcyl.es,UTF-8,utf-8,utf_8
jd.co.th,,utf-8,
jd.com,UTF-8,utf-8,utf_8
jd.id,,utf-8,utf_8
jdpower.com,utf-8,utf-8,utf_8
jdsports.co.uk,UTF-8,utf-8,utf_8
jdsports.ie,UTF-8,utf-8,utf_8
jdsports.nl,UTF-8,utf-8,utf_8
jea.org.jo,iso-8859-1,ascii,ascii
jeab.com,,ascii,ascii
jeancoutu.com,utf-8,utf-8,utf_8
jeban.com,UTF-8,Windows-1254,utf_8
jechange.fr,UTF-8,utf-8,utf_8
jeddah.gov.sa,UTF-8,utf-8,utf_8
jeddahcafe.com,UTF-8,utf-8,utf_8
jedel.bi,UTF-8,utf-8,utf_8
jedewoche-rabatte.de,UTF-8,utf-8,utf_8
jeepolog.com,windows-1255,windows-1255,cp1255
jeeran.com,utf-8,utf-8,utf_8
jeftinije.hr,utf-8,utf-8,utf_8
jegy.hu,UTF-8,utf-8,utf_8
jegymester.hu,utf-8,utf-8,utf_8
jeja.pl,UTF-8,utf-8,utf_8
jejakpiknik.com,UTF-8,ascii,ascii
jekabpils.lv,utf-8,utf-8,utf_8
jekabpilslaiks.lv,,Windows-1252,cp1257
jelgava.lv,UTF-8,utf-8,utf_8
jelgavasnovads.lv,utf-8,ascii,
jelgavniekiem.lv,UTF-8,utf-8,utf_8
jelly.in.th,utf-8,Windows-1254,utf_8
jelmoli-shop.ch,,utf-8,utf_8
jemepropose.com,utf-8,utf-8,utf_8
jemfix.se,utf-8,utf-8,utf_8
jemogfix.dk,utf-8,utf-8,utf_8
jemogfix.no,utf-8,utf-8,utf_8
jena-nabytek.cz,utf-8,utf-8,utf_8
jenny.gr,UTF-8,utf-8,utf_8
jennysmatblogg.nu,UTF-8,Windows-1252,utf_8
jenprace.cz,utf-8,utf-8,utf_8
jenson.in,UTF-8,utf-8,utf_8
jenzeny.cz,utf-8,utf-8,utf_8
jergozo.com,UTF-8,utf-8,utf_8
jernejkitchen.com,utf-8,utf-8,utf_8
jernia.no,UTF-8,utf-8,utf_8
jerusalem.muni.il,utf-8,utf-8,utf_8
jes.edu.vn,utf-8,ascii,ascii
jesenice.si,utf-8,utf-8,utf_8
jespersplanteskole.dk,UTF-8,utf-8,utf_8
jessops.com,utf-8,utf-8,utf_8
jetbrains.com,utf-8,utf-8,utf_8
jetfilmizle.live,UTF-8,utf-8,utf_8
jetmp4.com,UTF-8,Windows-1252,utf_8
jetmute.com,,ascii,ascii
jetss.com,UTF-8,utf-8,utf_8
jetwinghotels.com,UTF-8,utf-8,utf_8
jeugdjournaal.nl,UTF-8,utf-8,utf_8
jeuneafrique.com,utf-8,ISO-8859-1,
jeuxactu.com,UTF-8,utf-8,utf_8
jeuxvideo.com,UTF-8,utf-8,utf_8
jewiki.org.il,UTF-8,utf-8,utf_8
jezikoslovac.com,UTF-8,utf-8,utf_8
jfranews.com.jo,,utf-8,utf_8
jhu.edu,UTF-8,utf-8,utf_8
ji24.lt,UTF-8,utf-8,utf_8
jianshu.com,,ascii,ascii
jib.co.th,UTF-8,ascii,ascii
jidelniplan.cz,UTF-8,utf-8,utf_8
jihlava.cz,,utf-8,utf_8
jiji-blog.com,UTF-8,Windows-1254,utf_8
jiji.co.ke,utf-8,ascii,ascii
jiji.com,UTF-8,utf-8,utf_8
jiji.ng,utf-8,ascii,ascii
jilishta.com,UTF-8,utf-8,utf_8
jimdo.com,UTF-8,utf-8,utf_8
jimdofree.com,UTF-8,utf-8,utf_8
jimejinak.cz,utf-8,Windows-1254,utf_8
jimhorsfield.com,utf-8,ascii,big5
jimms.fi,utf-8,utf-8,utf_8
jio.com,UTF-8,utf-8,utf_8
jiocinema.com,,ascii,ascii
jiosaavn.com,utf-8,utf-8,utf_8
jiponline.nl,utf-8,ascii,ascii
jitenon.jp,UTF-8,utf-8,utf_8
jitunews.com,UTF-8,utf-8,utf_8
jivotatdnes.bg,UTF-8,utf-8,utf_8
jku.at,utf-8,utf-8,utf_8
jkuat.ac.ke,UTF-8,utf-8,utf_8
jm-madeira.pt,UTF-8,utf-8,utf_8
jmonline.com.br,,utf-8,utf_8
jmphotography.lt,UTF-8,utf-8,utf_8
jmty.jp,utf-8,Windows-1254,utf_8
jn.pt,utf-8,utf-8,utf_8
jnob-jo.com,UTF-8,ascii,ascii
jo1jo.com,UTF-8,utf-8,utf_8
jo24.net,,utf-8,utf_8
joacademy.com,UTF-8,utf-8,utf_8
joautok.hu,UTF-8,utf-8,utf_8
job-like.com,utf-8,ISO-8859-1,utf_8
job-list.net,utf-8,utf-8,utf_8
job-medley.com,utf-8,utf-8,
jobagent.ch,UTF-8,utf-8,utf_8
jobartis.com,utf-8,utf-8,utf_8
jobat.be,utf-8,utf-8,utf_8
jobatus.es,utf-8,utf-8,utf_8
jobatus.mx,utf-8,utf-8,utf_8
jobbank.dk,UTF-8,utf-8,utf_8
jobbank.gc.ca,UTF-8,utf-8,utf_8
jobbird.com,utf-8,utf-8,utf_8
jobbkk.com,UTF-8,utf-8,utf_8
jobbsafari.no,UTF-8,utf-8,utf_8
jobbsafari.se,utf-8,utf-8,
jobbydoo.com.br,utf-8,utf-8,utf_8
jobbydoo.it,UTF-8,utf-8,utf_8
jobcenternigeria.com,UTF-8,utf-8,utf_8
jobdanmark.dk,utf-8,utf-8,utf_8
jobeka.com,UTF-8,utf-8,utf_8
jobeka.lk,UTF-8,ascii,ascii
jobfilter.ru,utf-8,ascii,ascii
jobijoba.com,UTF-8,utf-8,
jobillico.com,utf-8,utf-8,utf_8
jobindex.dk,UTF-8,utf-8,utf_8
jobindo.com,UTF-8,ascii,ascii
jobinfo.hu,utf-8,utf-8,utf_8
jobkarov.com,,ascii,ascii
joblab.ru,windows-1251,windows-1251,cp1251
joblift.de,utf-8,utf-8,utf_8
joblum.com,UTF-8,utf-8,utf_8
jobmaster.co.il,,utf-8,utf_8
jobmonitor.hu,utf-8,utf-8,utf_8
jobnet.co.il,utf-8,utf-8,utf_8
jobnorththailand.com,UTF-8,utf-8,utf_8
joboko.com,utf-8,ISO-8859-1,utf_8
jobpub.com,,ascii,ascii
jobradar24.ro,utf-8,utf-8,utf_8
jobriya.in,UTF-8,utf-8,utf_8
jobs.at,UTF-8,utf-8,utf_8
jobs.bg,UTF-8,utf-8,utf_8
jobs.ch,utf-8,utf-8,utf_8
jobs.com.pk,UTF-8,ISO-8859-1,utf_8
jobs.cz,UTF-8,utf-8,utf_8
jobs.ie,utf-8,utf-8,utf_8
jobs.ua,UTF-8,utf-8,utf_8
jobsalert.pk,UTF-8,utf-8,utf_8
jobscout24.ch,utf-8,utf-8,utf_8
jobsdb.com,utf-8,ascii,
jobsearch.dk,utf-8,utf-8,utf_8
jobsearcher.com,utf-8,ISO-8859-1,utf_8
jobsgo.vn,UTF-8,utf-8,utf_8
jobsinkenya.co.ke,UTF-8,utf-8,utf_8
jobsora.com,UTF-8,ascii,ascii
jobstreet.co.id,utf-8,utf-8,utf_8
jobstreet.com.my,utf-8,utf-8,utf_8
jobstreet.com.sg,utf-8,utf-8,utf_8
jobstreet.vn,utf-8,utf-8,utf_8
jobtalk.jp,utf-8,utf-8,utf_8
jobted.at,UTF-8,utf-8,utf_8
jobted.co.nz,UTF-8,utf-8,utf_8
jobth.com,,ascii,ascii
jobthai.com,utf-8,utf-8,utf_8
jobthaiweb.com,,utf-8,utf_8
jobtoday.com,utf-8,utf-8,utf_8
jobup.ch,utf-8,utf-8,utf_8
joburg.co.za,UTF-8,utf-8,utf_8
joburg.org.za,utf-8,utf-8,utf_8
jobustad.com,UTF-8,Windows-1254,utf_8
jobwebkenya.com,UTF-8,utf-8,utf_8
jobz.pk,UTF-8,utf-8,utf_8
jobzilla.ng,UTF-8,ascii,ascii
jocar.com.br,iso-8859-1,ISO-8859-1,cp1252
jocee.jp,UTF-8,utf-8,utf_8
joe.ie,UTF-8,utf-8,utf_8
joemonster.org,UTF-8,utf-8,utf_8
joensuu.fi,UTF-8,utf-8,utf_8
jofogas.hu,ISO-8859-2,ISO-8859-1,cp1250
jogiforum.hu,utf-8,utf-8,utf_8
jogjaprov.go.id,UTF-8,ascii,ascii
jogos360.com.br,UTF-8,utf-8,utf_8
jogtar.hu,UTF-8,utf-8,utf_8
johannatoftby.se,utf-8,utf-8,utf_8
johannesfog.dk,utf-8,utf-8,utf_8
johnlewis.com,utf-8,utf-8,utf_8
joiutherji.is,UTF-8,Windows-1254,utf_8
joj.sk,UTF-8,utf-8,utf_8
joker.com.tr,,ascii,ascii
joker.no,utf-8,utf-8,utf_8
jolie.de,UTF-8,utf-8,utf_8
jollychic.com,UTF-8,utf-8,utf_8
jollyroom.dk,utf-8,utf-8,utf_8
jollyroom.fi,utf-8,utf-8,utf_8
jollyroom.no,utf-8,utf-8,utf_8
jollyroom.se,utf-8,utf-8,utf_8
jollytur.com,UTF-8,ascii,ascii
jom.pt,ISO-8859-1,ISO-8859-1,cp1252
jomhouria.com,UTF-8,utf-8,utf_8
jonavoszinios.lt,UTF-8,utf-8,utf_8
jonkoping.se,UTF-8,utf-8,utf_8
jooble.org,utf-8,utf-8,utf_8
joom.com,utf-8,ascii,ascii
joostdevree.nl,,ascii,ascii
joox.com,utf-8,utf-8,cp1256
jora.com,utf-8,ISO-8859-1,utf_8
jordan.gov.jo,UTF-8,utf-8,utf_8
jordanzad.com,UTF-8,utf-8,utf_8
jordbruksverket.se,UTF-8,utf-8,utf_8
jornada.com.mx,,utf-8,utf_8
jornalcontabil.com.br,UTF-8,utf-8,utf_8
jornalcruzeiro.com.br,utf-8,utf-8,utf_8
jornaldeangola.ao,utf-8,utf-8,utf_8
jornaldebrasilia.com.br,UTF-8,utf-8,utf_8
jornaldeleiria.pt,UTF-8,utf-8,utf_8
jornaldemafra.pt,,ascii,ascii
jornaldenegocios.pt,utf-8,utf-8,utf_8
jornaldocomercio.com,ISO-8859-1,ISO-8859-1,cp1252
jornalnh.com.br,UTF-8,utf-8,gb18030
jornalopcao.com.br,UTF-8,utf-8,utf_8
jorudan.co.jp,utf-8,,utf-8
joshi-spa.jp,UTF-8,utf-8,
joshislisteningto.com,utf-8,ascii,big5
josiecarterproductionsllc.org,UTF-8,ascii,ascii
joszaki.hu,UTF-8,utf-8,utf_8
jotainmaukasta.fi,UTF-8,utf-8,utf_8
jotform.com,utf-8,utf-8,
jotun.no,utf-8,UTF-8-SIG,utf_8_sig
joueclub.fr,utf-8,utf-8,utf_8
jouer-style.jp,utf-8,utf-8,utf_8
journal.fi,utf-8,utf-8,utf_8
journal.hr,UTF-8,utf-8,utf_8
journalagent.com,,utf-8,utf_8
journaldemontreal.com,UTF-8,utf-8,utf_8
journaldequebec.com,UTF-8,utf-8,utf_8
journaldesfemmes.fr,UTF-8,utf-8,utf_8
journaldugeek.com,UTF-8,utf-8,utf_8
journaldunet.com,UTF-8,utf-8,utf_8
journaldunet.fr,UTF-8,utf-8,utf_8
journalisten.dk,,ascii,ascii
journalisten.no,UTF-8,utf-8,utf_8
journalistesfaxien.tn,,ascii,ascii
journalmetro.com,UTF-8,utf-8,utf_8
