lagazzettadelmezzogiorno.it,UTF-8,utf-8,utf_8
lagen.nu,utf-8,utf-8,utf_8
lagerhaus.at,UTF-8,utf-8,utf_8
laget.se,utf-8,utf-8,utf_8
lagonika.gr,UTF-8,ascii,ascii
lagranderecre.fr,utf-8,utf-8,utf_8
lagraninmobiliaria.com,utf-8,utf-8,utf_8
lags.cz,UTF-8,utf-8,utf_8
lagu.to,UTF-8,utf-8,utf_8
lagu9.mobi,UTF-8,ascii,ascii
laguanz.com,,ascii,ascii
laguia.online,UTF-8,ascii,ascii
laguiadeargentina.com,UTF-8,utf-8,utf_8
laguna.rs,UTF-8,utf-8,utf_8
lahamag.com,UTF-8,utf-8,utf_8
lahaonline.com,,ISO-8859-9,cp1256
lahiomutsi.fi,UTF-8,Windows-1254,utf_8
lahitapiola.fi,UTF-8,utf-8,utf_8
lahkihnog-naokrog.si,UTF-8,utf-8,utf_8
lahloba.com,utf-8,utf-8,utf_8
lahora.com.ec,UTF-8,utf-8,utf_8
lahoredictionary.com,UTF-8,utf-8,utf_8
lahti.fi,UTF-8,utf-8,utf_8
laichau.gov.vn,UTF-8,utf-8,utf_8
laiki.lv,UTF-8,Windows-1254,utf_8
laikrastisplunge.lt,UTF-8,utf-8,utf_8
laimoon.com,UTF-8,utf-8,utf_8
lainformacion.com,UTF-8,utf-8,utf_8
laisvalaikiodovanos.lt,UTF-8,utf-8,utf_8
laizquierdadiario.cl,utf-8,utf-8,utf_8
laizquierdadiario.com,utf-8,utf-8,utf_8
lajoliemaison.fr,UTF-8,utf-8,utf_8
lajornadacultural.com,UTF-8,utf-8,utf_8
lajumate.ro,UTF-8,Windows-1252,utf_8
lakartidningen.se,UTF-8,utf-8,utf_8
lakaskultura.hu,UTF-8,utf-8,utf_8
lakberinfo.hu,UTF-8,utf-8,utf_8
lakeland.co.uk,UTF-8,utf-8,utf_8
lakemedelsboken.se,UTF-8,utf-8,utf_8
lakemedelsverket.se,utf-8,ascii,ascii
lakesidestorage.biz,utf-8,ascii,big5
lakkapaa.com,,ascii,ascii
lakodokola.com,,utf-8,utf_8
lakome2.com,UTF-8,utf-8,utf_8
lakomnik.bg,,utf-8,utf_8
lakorn.asia,UTF-8,,utf_8
lakpura.com,utf-8,utf-8,utf_8
lalafo.az,utf-8,Windows-1254,ptcp154
lalafo.kg,utf-8,Windows-1254,utf_8
lalafo.rs,utf-8,Windows-1254,utf_8
lalamoulati.net,UTF-8,utf-8,
lalanguefrancaise.com,utf-8,utf-8,utf_8
laleggepertutti.it,UTF-8,utf-8,utf_8
lalena.ro,UTF-8,utf-8,
laliberte.ch,UTF-8,utf-8,utf_8
lalibrairie.com,UTF-8,utf-8,utf_8
lalibre.be,utf-8,utf-8,utf_8
lalsace.fr,utf-8,utf-8,utf_8
lamaistas.lt,UTF-8,utf-8,utf_8
lamangano.net,UTF-8,utf-8,utf_8
lamchame.com,utf-8,utf-8,utf_8
lamenteesmaravillosa.com,utf-8,utf-8,utf_8
lametayel.co.il,utf-8,utf-8,utf_8
lamire.jp,UTF-8,utf-8,utf_8
lamjol.info,utf-8,utf-8,utf_8
lamoda.pl,utf-8,utf-8,utf_8
lamoda.ru,utf-8,utf-8,utf_8
lamoda.ua,utf-8,utf-8,utf_8
lamontagne.fr,UTF-8,utf-8,utf_8
lampopumput.info,,ascii,ascii
lamudi.co.id,UTF-8,utf-8,utf_8
lamudi.com.mx,,ascii,ascii
lamudi.pk,UTF-8,ascii,ascii
lanacion.cl,UTF-8,utf-8,utf_8
lanacion.com.ar,utf-8,utf-8,utf_8
lanazione.it,,utf-8,utf_8
lance.com.br,UTF-8,utf-8,utf_8
lancs.live,UTF-8,utf-8,utf_8
land-oberoesterreich.gv.at,UTF-8,utf-8,utf_8
land.gov.il,utf-8,utf-8,utf_8
land.se,UTF-8,utf-8,
landbote.ch,utf-8,utf-8,utf_8
landbrugnet.dk,utf-8,utf-8,utf_8
landbrugsavisen.dk,,ascii,ascii
landi.ch,utf-8,utf-8,utf_8
landleyskok.se,utf-8,utf-8,utf_8
landwirt.com,UTF-8,utf-8,utf_8
langenscheidt.com,UTF-8,utf-8,utf_8
langhub.com,utf-8,utf-8,utf_8
langrenn.com,utf-8,utf-8,utf_8
langson.gov.vn,UTF-8,utf-8,utf_8
langua.de,iso-8859-1,ISO-8859-1,cp1250
lank.fr,UTF-8,utf-8,utf_8
lanka77.com,UTF-8,utf-8,utf_8
lankaad.lk,UTF-8,utf-8,utf_8
lankabusinessnews.com,iso-8859-1,ascii,ascii
lankabusinessonline.com,UTF-8,Windows-1254,utf_8
lankabuysell.com,UTF-8,ascii,ascii
lankadictionary.com,utf-8,utf-8,utf_8
lankaholidays.com,,Windows-1252,iso8859_10
lankainformation.lk,utf-8,utf-8,utf_8
lankapropertyweb.com,UTF-8,utf-8,utf_8
lankava.lt,utf-8,utf-8,utf_8
lankayp.com,UTF-8,utf-8,utf_8
lanmakres.com,UTF-8,utf-8,utf_8
lannasport.se,utf-8,utf-8,utf_8
lannoo.be,utf-8,utf-8,utf_8
lanouvellerepublique.fr,utf-8,utf-8,utf_8
lans.or.jp,UTF-8,utf-8,utf_8
lansberg.de,,utf-8,utf_8
lansfast.se,utf-8,utf-8,utf_8
lansforsakringar.se,utf-8,utf-8,utf_8
lansi-savo.fi,UTF-8,utf-8,utf_8
lansi-uusimaa.fi,UTF-8,utf-8,utf_8
lansivayla.fi,UTF-8,utf-8,utf_8
lansstyrelsen.se,UTF-8,utf-8,utf_8
lanterne.jp,,utf-8,utf_8
lantmannenagro.fi,utf-8,utf-8,utf_8
lanueva.com,utf-8,utf-8,utf_8
lanuovasardegna.it,utf-8,utf-8,utf_8
laodong.vn,UTF-8,utf-8,utf_8
laola1.at,utf-8,utf-8,utf_8
laopinion.com,UTF-8,utf-8,utf_8
laopinion.com.co,UTF-8,utf-8,utf_8
laopinioncoruna.es,UTF-8,utf-8,utf_8
laopiniondemalaga.es,UTF-8,utf-8,utf_8
laopiniondemurcia.es,UTF-8,utf-8,utf_8
laosprocessservers.com,utf-8,ascii,big5
lap.hu,UTF-8,utf-8,utf_8
lapagina.com.sv,UTF-8,utf-8,utf_8
lapatilla.com,UTF-8,utf-8,utf_8
lapatria.bo,UTF-8,utf-8,utf_8
lapatria.com,utf-8,utf-8,utf_8
lapensiuni.ro,ISO-8859-1,ISO-8859-1,cp1250
lapinkansa.fi,utf-8,utf-8,utf_8
lapolar.cl,UTF-8,utf-8,utf_8
lapoliticaonline.com,,Windows-1252,iso8859_15
laposte.fr,UTF-8,utf-8,utf_8
laprensa.com.ar,utf-8,utf-8,utf_8
laprensa.com.ni,UTF-8,utf-8,utf_8
laprensa.com.uy,utf-8,utf-8,utf_8
laprensa.hn,utf-8,utf-8,utf_8
laprensagrafica.com,UTF-8,utf-8,utf_8
lapresse.ca,UTF-8,utf-8,utf_8
lapresse.tn,,ascii,ascii
laprocure.com,utf-8,utf-8,utf_8
laprovence.com,utf-8,utf-8,utf_8
laprovincia.es,UTF-8,utf-8,utf_8
laptopmag.com,UTF-8,utf-8,utf_8
lapunk.hu,UTF-8,,utf-8
larafarm.ro,,ascii,ascii
larazon.es,utf-8,utf-8,utf_8
lardocelar.pt,UTF-8,utf-8,utf_8
lared.com.gt,UTF-8,utf-8,utf_8
laredoute.be,utf-8,ascii,ascii
laredoute.ch,utf-8,ascii,ascii
laredoute.co.uk,utf-8,ascii,ascii
laredoute.fr,utf-8,ascii,ascii
laredoute.pt,utf-8,ascii,ascii
laregion.es,UTF-8,utf-8,utf_8
larena.it,utf-8,utf-8,utf_8
larepublica.co,utf-8,utf-8,utf_8
larepublica.ec,UTF-8,utf-8,utf_8
larepublica.net,UTF-8,utf-8,utf_8
larepublica.pe,utf-8,utf-8,utf_8
larevueautomobile.com,UTF-8,utf-8,utf_8
largestcompanies.com,utf-8,utf-8,utf_8
largus.fr,utf-8,utf-8,utf_8
larioja.com,UTF-8,utf-8,utf_8
larioja.org,utf-8,utf-8,utf_8
larissanet.gr,UTF-8,utf-8,utf_8
larnakaonline.com.cy,UTF-8,Windows-1254,utf_8
larousse.fr,utf-8,utf-8,utf_8
laroussecocina.mx,UTF-8,Windows-1252,utf_8
las2orillas.co,UTF-8,utf-8,utf_8
lasalle.edu.co,UTF-8,utf-8,utf_8
lasallista.edu.co,,utf-8,utf_8
lasempresas.com.co,UTF-8,UTF-8-SIG,utf_8_sig
lasexta.com,UTF-8,utf-8,utf_8
lasicilia.it,UTF-8,utf-8,utf_8
lasillarota.com,utf-8,utf-8,utf_8
lasillavacia.com,utf-8,utf-8,utf_8
lasoo.com.au,utf-8,utf-8,utf_8
lasprovincias.es,UTF-8,utf-8,utf_8
lassana.com,UTF-8,utf-8,utf_8
lasso.dk,utf-8,utf-8,utf_8
last.fm,utf-8,utf-8,utf_8
lastampa.it,,utf-8,utf_8
lastega.ee,utf-8,utf-8,utf_8
lastehaigla.ee,,utf-8,utf_8
lastminute.co.nz,utf-8,utf-8,utf_8
lastminute.com,utf-8,utf-8,utf_8
lastminute.com.au,utf-8,utf-8,utf_8
lastminute.de,utf-8,utf-8,utf_8
lastprice.co.il,,utf-8,utf_8
lasu-info.com,UTF-8,Windows-1252,utf_8
lasy.gov.pl,utf-8,utf-8,utf_8
lasyre.dk,,ascii,ascii
lataifas.ro,UTF-8,utf-8,utf_8
latam.com,,ascii,ascii
lateja.cr,UTF-8,utf-8,utf_8
latene.ee,utf-8,utf-8,utf_8
latentacion.com.uy,,ascii,ascii
latercera.com,utf-8,utf-8,utf_8
latestdeals.co.uk,utf-8,utf-8,utf_8
latestly.com,UTF-8,utf-8,
latestnigeriannews.com,UTF-8,ISO-8859-1,cp1125
latimes.com,,ascii,ascii
latino-vibes.ro,utf-8,ascii,big5
latinoplaces.com,UTF-8,,utf-8
latostadora.com,UTF-8,utf-8,utf_8
latribuna.cl,,utf-8,utf_8
latribune.ca,utf-8,utf-8,utf_8
latribune.fr,UTF-8,utf-8,utf_8
latrobe.edu.au,utf-8,utf-8,utf_8
latvenergo.lv,,utf-8,utf_8
latvia.travel,utf-8,utf-8,utf_8
latviatravel.lv,,utf-8,utf_8
latviesi.com,,utf-8,utf_8
latvija.lv,utf-8,utf-8,utf_8
laudato.hr,UTF-8,utf-8,utf_8
laughlinlens.com,utf-8,ascii,big5
laulud.ee,utf-8,utf-8,utf_8
lauraadamache.ro,UTF-8,utf-8,utf_8
lauralaurentiu.ro,UTF-8,utf-8,utf_8
laurasava.ro,UTF-8,Windows-1254,utf_8
laurasbakery.nl,UTF-8,utf-8,utf_8
laurelregan.com,utf-8,ascii,big5
laurelridgepac.org,utf-8,ascii,big5
lauritz.com,utf-8,ascii,ascii
lausanne.ch,UTF-8,utf-8,utf_8
laut.de,UTF-8,utf-8,utf_8
lav-det-selv.dk,utf-8,utf-8,utf_8
lavancelle.com,UTF-8,utf-8,utf_8
lavandas.lv,utf-8,ascii,ascii
lavanguardia.com,UTF-8,utf-8,utf_8
lavasteingrill.org,utf-8,ascii,big5
lavenir.net,utf-8,utf-8,utf_8
laverdad.es,UTF-8,utf-8,utf_8
laverdadnoticias.com,UTF-8,utf-8,utf_8
laverdadonline.com,UTF-8,utf-8,utf_8
lavieimmo.com,utf-8,utf-8,utf_8
lavkababuin.com,utf-8,utf-8,utf_8
lavkarbo.no,utf-8,utf-8,utf_8
