ppissis.com.cy,UTF-8,utf-8,utf_8
ppke.hu,UTF-8,utf-8,utf_8
ppt-online.org,UTF-8,utf-8,utf_8
pptvhd36.com,UTF-8,utf-8,utf_8
prabhasakshi.com,utf-8,utf-8,utf_8
prabhatkhabar.com,utf-8,utf-8,utf_8
praca.gov.pl,UTF-8,utf-8,utf_8
praca.pl,UTF-8,utf-8,utf_8
prace.cz,UTF-8,utf-8,utf_8
prachachat.net,UTF-8,utf-8,utf_8
prachatai.com,UTF-8,ascii,ascii
pracomat.cz,utf-8,utf-8,utf_8
practicaespanol.com,utf-8,ascii,ascii
practo.com,utf-8,utf-8,utf_8
pracuj.pl,,utf-8,
praew.com,UTF-8,utf-8,utf_8
praewwedding.com,UTF-8,utf-8,utf_8
prague.eu,UTF-8,utf-8,
praha.eu,utf-8,utf-8,utf_8
praha11.cz,,utf-8,utf_8
praha12.cz,,utf-8,utf_8
prahatv.eu,UTF-8,utf-8,utf_8
prakard.com,,ascii,ascii
prakse.lv,UTF-8,utf-8,utf_8
prakticnazena.tv,UTF-8,utf-8,utf_8
praktijkinfo.nl,UTF-8,ISO-8859-1,utf_8
praktiker.bg,UTF-8,utf-8,utf_8
praktiker.gr,utf-8,utf-8,utf_8
praktiker.hu,UTF-8,utf-8,utf_8
praktiskmedicin.se,UTF-8,utf-8,utf_8
pralanna.com,,utf-8,utf_8
pramborsfm.com,utf-8,utf-8,utf_8
prapantip.com,UTF-8,utf-8,utf_8
pratodoprato.com.br,UTF-8,utf-8,utf_8
pravaler.com.br,UTF-8,utf-8,utf_8
pravatami.bg,UTF-8,utf-8,utf_8
pravda-sotrudnikov.ru,UTF-8,utf-8,utf_8
pravda.com.ua,windows-1251,windows-1251,cp1251
pravda.sk,utf-8,utf-8,utf_8
pravednes.cz,UTF-8,utf-8,utf_8
praveenojha.me,UTF-8,,utf-8
pravimajstor.hr,UTF-8,utf-8,utf_8
pravniportal.com,iso-8859-1,ascii,ascii
pravno-informacioni-sistem.rs,UTF-8,utf-8,utf_8
pravo.gov.ru,UTF-8,utf-8,utf_8
pravo.ru,UTF-8,utf-8,utf_8
pravo.ua,UTF-8,utf-8,utf_8
prawo.pl,,ascii,ascii
praxis.nl,UTF-8,Windows-1252,utf_8
praxisvita.de,utf-8,utf-8,utf_8
prayogshala.com,UTF-8,utf-8,utf_8
prazskypatriot.cz,UTF-8,utf-8,utf_8
prb.bg,UTF-8,utf-8,utf_8
prcm.jp,UTF-8,Windows-1254,utf_8
prd.go.th,UTF-8,utf-8,utf_8
preberi.si,UTF-8,utf-8,utf_8
preberite.si,UTF-8,utf-8,utf_8
precious.jp,utf-8,utf-8,utf_8
precolandia.com.br,utf-8,utf-8,utf_8
predeti.sk,UTF-8,utf-8,utf_8
predpriemach.com,,ascii,ascii
prefeitura.sp.gov.br,utf-8,utf-8,utf_8
prefettura.it,,utf-8,utf_8
prehrana.si,utf-8,utf-8,utf_8
preili.lv,UTF-8,utf-8,utf_8
preis.de,utf-8,ascii,ascii
preisjaeger.at,UTF-8,utf-8,utf_8
preispiraten.de,utf-8,utf-8,utf_8
preisvergleich-test.com,utf-8,utf-8,utf_8
preisvergleich.at,utf-8,utf-8,utf_8
preisvergleich.ch,utf-8,utf-8,utf_8
preiswert-uebernachten.de,,ascii,ascii
preloved.co.uk,utf-8,utf-8,utf_8
premiere.fr,UTF-8,utf-8,utf_8
premierleague.com,utf-8,utf-8,utf_8
premiograziadei.org,iso-8859-1,ascii,ascii
premiumbeat.com,utf-8,utf-8,utf_8
premiummedical.lv,UTF-8,utf-8,utf_8
premiumtimesng.com,UTF-8,utf-8,utf_8
prenagen.com,utf-8,ascii,ascii
prenasedeti.sk,UTF-8,utf-8,utf_8
prenatal.gr,UTF-8,utf-8,utf_8
prenatal.nl,UTF-8,utf-8,utf_8
prensa-latina.cu,utf-8,utf-8,utf_8
prensa.com,utf-8,utf-8,utf_8
prensalibre.com,UTF-8,utf-8,utf_8
preparaenem.com,UTF-8,utf-8,utf_8
prepona.info,UTF-8,,utf-8
preporucamo.com,utf-8,ascii,ascii
prepscholar.com,utf-8,utf-8,utf_8
presidencia.gob.sv,UTF-8,utf-8,utf_8
presidencia.gub.uy,UTF-8,utf-8,utf_8
president.ee,UTF-8,utf-8,utf_8
president.gov.ua,UTF-8,utf-8,utf_8
president.jp,utf-8,utf-8,utf_8
president.lv,,ascii,ascii
preskoly.sk,utf-8,utf-8,utf_8
presov.sk,windows-1250,Windows-1254,cp1250
press.lv,UTF-8,utf-8,utf_8
press.pl,,utf-8,utf_8
pressalert.ro,UTF-8,utf-8,utf_8
presse-citron.net,,Windows-1252,utf_8
pressebox.de,UTF-8,utf-8,utf_8
pressek.rs,UTF-8,utf-8,utf_8
presseportal.ch,utf-8,utf-8,utf_8
presseportal.de,utf-8,utf-8,utf_8
pressetext.com,,utf-8,utf_8
pressonline.rs,UTF-8,utf-8,utf_8
pressreader.com,utf-8,Windows-1252,utf_8
pressserbia.com,UTF-8,utf-8,utf_8
presstur.com,utf-8,utf-8,utf_8
prestigeonline.com,,ascii,ascii
prettylittlething.com,UTF-8,utf-8,utf_8
prettylittlething.ie,UTF-8,utf-8,utf_8
preunic.cl,utf-8,utf-8,utf_8
prevention.com,UTF-8,utf-8,utf_8
preventionconceptsinc.org,UTF-8,utf-8,utf_8
prezdravie.sk,UTF-8,utf-8,utf_8
prezi.com,utf-8,utf-8,utf_8
prezly.com,,ascii,ascii
prezzoforte.it,ISO-8859-1,Windows-1252,iso8859_9
prh.fi,UTF-8,ascii,ascii
price.ro,UTF-8,ascii,ascii
price.tn,utf-8,utf-8,utf_8
price.ua,UTF-8,utf-8,utf_8
pricearea.com,,utf-8,utf_8
pricebaba.com,utf-8,utf-8,cp1125
pricebook.co.id,UTF-8,ascii,ascii
pricecheck.co.za,UTF-8,Windows-1252,utf_8
pricedekho.com,utf-8,Windows-1252,utf_8
priceline.com,,ascii,ascii
priceline.com.au,,ascii,ascii
pricemania.sk,UTF-8,utf-8,utf_8
priceme.co.nz,UTF-8,ascii,ascii
pricena.com,UTF-8,ascii,ascii
priceoye.pk,UTF-8,utf-8,utf_8
pricepi.com,utf-8,utf-8,utf_8
priceprice.com,UTF-8,utf-8,utf_8
pricepulse.app,utf-8,Windows-1254,utf_8
pricer.lt,UTF-8,utf-8,utf_8
pricerunner.com,utf-8,Windows-1252,utf_8
pricerunner.dk,utf-8,Windows-1254,utf_8
pricerunner.se,utf-8,Windows-1254,utf_8
prices-today.net,UTF-8,utf-8,utf_8
prices2day.net,UTF-8,utf-8,utf_8
pricesmart.com,UTF-8,utf-8,big5
pricespy.co.nz,utf-8,utf-8,utf_8
pricespy.co.uk,utf-8,utf-8,utf_8
pricez.co.il,UTF-8,ascii,ascii
priceza.co.id,utf-8,utf-8,utf_8
priceza.com,utf-8,utf-8,utf_8
priceza.com.my,utf-8,utf-8,utf_8
prieezero.lt,,utf-8,utf_8
priejuros.lt,,UTF-8-SIG,utf_8_sig
priekavos.lt,UTF-8,utf-8,utf_8
priekulesnovads.lv,UTF-8,utf-8,utf_8
prigorski.hr,UTF-8,Windows-1254,utf_8
prijemni.rs,UTF-8,utf-8,utf_8
prijsbest.nl,utf-8,ascii,ascii
prima-assol.com,iso-8859-1,ascii,ascii
prima-namjestaj.hr,UTF-8,utf-8,utf_8
prima-receptar.cz,UTF-8,utf-8,utf_8
prima.hu,,utf-8,utf_8
primabanka.sk,,utf-8,utf_8
primadoma.tv,utf-8,utf-8,utf_8
primanapady.cz,utf-8,utf-8,utf_8
primanota.ru,UTF-8,utf-8,utf_8
primariaclujnapoca.ro,UTF-8,ascii,ascii
primark.com,UTF-8,utf-8,utf_8
primelocation.com,UTF-8,ascii,ascii
primera.nl,UTF-8,utf-8,utf_8
primeraedicion.com.ar,UTF-8,utf-8,utf_8
primerjam.si,utf-8,utf-8,utf_8
primevideo.com,UTF-8,utf-8,utf_8
primicia.com.ve,UTF-8,utf-8,utf_8
primicias.ec,UTF-8,utf-8,utf_8
primochef.it,UTF-8,utf-8,utf_8
primomedico.com,utf-8,utf-8,utf_8
primor.eu,utf-8,utf-8,utf_8
primorske.si,utf-8,utf-8,utf_8
primorski.eu,,utf-8,utf_8
primorsky.ru,,ascii,ascii
primus.si,UTF-8,utf-8,utf_8
princeton.edu,UTF-8,utf-8,utf_8
print-gakufu.com,utf-8,utf-8,utf_8
printesaurbana.ro,UTF-8,Windows-1254,utf_8
printrecarti.ro,UTF-8,utf-8,utf_8
prinz.de,UTF-8,utf-8,utf_8
prirodna.hr,UTF-8,utf-8,utf_8
prirodnilek.com,UTF-8,utf-8,utf_8
prirodnoizdravo.com,UTF-8,utf-8,mac_iceland
prirodnolecenje.com,UTF-8,utf-8,hp_roman8
prisguiden.no,UTF-8,utf-8,utf_8
prisjagt.dk,utf-8,utf-8,utf_8
prisjakt.no,utf-8,utf-8,utf_8
prisjakt.nu,utf-8,utf-8,utf_8
prisma.de,utf-8,utf-8,utf_8
prisma.fi,UTF-8,utf-8,utf_8
prismamarket.ee,utf-8,utf-8,utf_8
prissok.no,UTF-8,utf-8,utf_8
pristupinfo.hr,UTF-8,Windows-1254,utf_8
privataaffarer.se,UTF-8,utf-8,utf_8
privatbank.ua,UTF-8,utf-8,utf_8
privatbankar.hu,UTF-8,utf-8,utf_8
privateproperty.co.za,utf-8,utf-8,utf_8
privatesportshop.es,UTF-8,Windows-1254,utf_8
privatesportshop.fr,UTF-8,Windows-1254,utf_8
privoscite.si,utf-8,utf-8,utf_8
privredni-imenik.com,UTF-8,utf-8,utf_8
privredni.hr,utf-8,utf-8,utf_8
prix.net,utf-8,utf-8,utf_8
prixz.com,UTF-8,utf-8,utf_8
priyo.com,utf-8,utf-8,utf_8
priyoshop.com,utf-8,utf-8,utf_8
pro-doma.cz,utf-8,utf-8,utf_8
pro-nails.ru,UTF-8,ascii,ascii
pro-ranking.pl,UTF-8,utf-8,utf_8
pro-vreme.net,iso-8859-1,ascii,ascii
pro.co.il,UTF-8,utf-8,utf_8
proagria.fi,utf-8,utf-8,utf_8
proandroid.com,UTF-8,utf-8,utf_8
problemsolving1.net,utf-8,ascii,big5
procare.sk,UTF-8,utf-8,utf_8
proceso.com.mx,,Windows-1252,iso8859_14
procolombia.co,UTF-8,ascii,ascii
procomer.com,,ascii,ascii
prodajko.si,utf-8,utf-8,utf_8
prodavalo.bg,UTF-8,utf-8,utf_8
prodavinci.com,,ascii,ascii
prodavnicaalata.rs,utf-8,utf-8,utf_8
prodoctorov.ru,utf-8,utf-8,utf_8
produccion-animal.com.ar,UTF-8,UTF-8-SIG,utf_8_sig
produccioncientificaluz.org,utf-8,utf-8,utf_8
productcenter.ru,utf-8,utf-8,utf_8
productinfo24.com,UTF-8,utf-8,utf_8
productnation.co,UTF-8,ascii,ascii
productreview.com.au,utf-8,utf-8,utf_8
produktfakta.no,UTF-8,utf-8,utf_8
produzizivot.com,UTF-8,utf-8,utf_8
proebiz.com,UTF-8,utf-8,utf_8
profesia.sk,UTF-8,utf-8,utf_8
profesijupasaule.lv,utf-8,utf-8,utf_8
